x,y,z
183.1499,-261.5652,2261.5693
326.0814,-465.6925,2169.9581
442.8679,-632.4809,1981.2564
537.7623,-768.0041,1771.6006
572.1169,-817.0676,1436.4444
409.0057,-584.1206,349.2184
411.6362,-587.8774,254.9259
418.8294,-598.1504,167.6135
406.2871,-580.2382,79.5878
371.9058,-531.1365,-0.6939
366.9046,-523.9941,-74.4795
365.9203,-522.5884,-151.0392
345.6,-493.5679,-218.1121
359.3078,-513.1448,-315.0523
345.7736,-493.8158,-397.3259
346.9485,-495.4939,-511.25
326.3857,-466.1271,-609.7133
276.8211,-395.3415,-687.5097
231.2692,-330.2866,-746.9144
171.3416,-244.7011,-745.1496
116.4299,-166.2791,-740.6884
64.9876,-92.8119,-740.9855
15.6209,-22.309,-737.4944
-33.3733,47.662,-735.6996
-83.6565,119.4739,-733.2328
-135.5697,193.6136,-730.7247
-191.6363,273.685,-725.5688
-252.4822,360.582,-719.6445
-316.9056,452.5881,-701.2991
-317.2667,453.1039,-559.5442
-315.402,450.4408,-442.7874
-314.5203,449.1816,-347.5226
-313.3789,447.5514,-264.9157
-312.8931,446.8576,-191.0436
-312.4184,446.1797,-122.9948
-312.564,446.3877,-57.8428
-312.9279,446.9074,5.2709
-311.1246,444.332,68.9762
-311.2099,444.4538,135.3155
-312.1381,445.7794,206.3315
-354.3671,506.0886,345.7778
-375.7273,536.5943,478.4741
-384.1327,548.5984,626.097
-380.4599,543.353,787.9759
-376.3012,537.4138,1002.3874
-366.2545,523.0656,1290.682
-329.5614,470.6624,1661.8725
-229.5371,327.8129,1822.9846
-114.9968,164.2325,2028.5083
24.0982,-34.4159,2201.1933
183.1499,-261.5652,2261.5693
-196.1588,-1006.5018,-1008.793
-187.9184,-1018.2704,-955.8679
-179.0293,-1030.9653,-900.0663
-115.2301,-1122.0801,-630.068
-106.5166,-1134.5242,-545.9722
-112.5255,-1125.9427,-465.6908
-96.9383,-1148.2035,-353.6978
-100.9506,-1142.4733,-252.7207
-96.5655,-1148.7359,-126.2485
-82.3749,-1169.0022,44.4112
-65.8566,-1192.5928,279.6262
-101.5291,-1141.6471,401.694
-128.8194,-1102.6725,595.2884
-146.6779,-1077.168,857.8905
-218.2922,-974.8921,1027.3304
-302.7475,-854.2775,1091.5472
-397.4889,-718.9727,1074.9077
-502.5908,-568.8717,864.0583
-605.8012,-421.4719,287.4373
-656.4925,-349.0773,141.6994
-697.3403,-290.7406,-16.7765
-734.1857,-238.1198,-71.2335
-769.0588,-188.3159,-118.9179
-800.1448,-143.9206,-172.2998
-825.6303,-107.5235,-235.375
-842.9439,-82.797,-312.4064
-858.3492,-60.7961,-381.2298
-870.7746,-43.0507,-446.9191
-888.2674,-18.0684,-494.2648
-905.6839,6.8049,-537.827
-923.2125,31.8384,-580.1758
-942.545,59.448,-619.7757
-948.7185,68.2648,-674.3612
-962.8531,88.451,-718.5942
-966.2938,93.3649,-771.4146
-968.1965,96.0821,-828.9446
-974.5242,105.1191,-878.0923
-970.6185,99.5412,-928.5067
-973.1905,103.2143,-975.6492
-992.5904,130.9203,-1021.8558
-1007.0179,151.5249,-1072.3234
-1110.0817,298.7153,-1262.8736
-1127.2963,323.3003,-1344.1989
-1144.939,348.4967,-1433.3997
-1331.8892,615.4892,-1860.9993
-137.5854,-1090.1534,-1505.4056
-161.7787,-1055.6018,-1403.0053
-165.2164,-1050.6923,-1325.5657
-182.0762,-1026.614,-1131.7489
-192.1109,-1012.2828,-1074.2336
-196.1588,-1006.5018,-1008.793
-654.0615,-1639.1948,-2664.0418
-685.2025,-1594.7208,-2469.8279
-697.2992,-1577.4449,-2383.4474
-759.5169,-1488.5889,-2135.1122
-765.8713,-1479.5138,-2078.3507
-769.4902,-1474.3455,-2023.1037
-753.5776,-1497.0711,-1967.9179
-731.8483,-1528.1037,-1906.2374
-857.1428,-1349.1647,-1742.9652
-864.2945,-1338.9509,-1696.0973
-868.0785,-1333.5468,-1643.3057
-881.8684,-1313.8528,-1598.7694
-894.9278,-1295.202,-1552.2373
-904.1821,-1281.9856,-1496.3864
-912.4069,-1270.2393,-1433.1732
-918.9049,-1260.9592,-1357.9055
-942.8082,-1226.8218,-1313.1544
-1014.9402,-1123.8065,-1391.4762
-1037.1767,-1092.0496,-1352.7128
-1057.3694,-1063.2114,-1299.583
-1081.1095,-1029.307,-1246.593
-1110.1605,-987.8179,-1142.3124
-1152.6812,-927.092,-1202.7638
-1184.7808,-881.2491,-1136.4346
-1224.1477,-825.0273,-1102.927
-1262.5732,-770.15,-1084.0954
-1301.2666,-714.8901,-1089.6167
-1342.7717,-655.6147,-1078.6613
-1377.5788,-605.905,-1116.9948
-1410.3525,-559.0993,-1159.4
-1441.3602,-514.8157,-1200.5655
-1466.68,-478.6552,-1256.9683
-1474.823,-467.0258,-1351.783
-1512.3202,-413.4743,-1385.7131
-1531.716,-385.7743,-1438.1
-1551.6202,-357.3481,-1484.9409
-1582.7761,-312.8529,-1513.8791
-1586.0844,-308.1281,-1582.1738
-1588.6018,-304.5329,-1646.6245
-1588.5299,-304.6356,-1707.7808
-1588.8655,-304.1563,-1764.4865
-1591.9684,-299.7249,-1816.5223
-1671.7217,-185.8255,-1954.3917
-1708.6229,-133.125,-2008.6208
-1727.2031,-106.5897,-2071.0881
-1736.0563,-93.9461,-2136.6218
-1780.5516,-30.4002,-2343.7538
-1811.6819,14.0585,-2442.6598
-1943.4168,202.1954,-2661.9221
-2166.183,520.3385,-3298.2072
-654.0615,-1639.1948,-2664.0418
-2736.5969,48.3282,-2435.5686
-2704.0236,1.8088,-2319.5098
-2657.9903,-63.9335,-2217.6416
-2621.5864,-115.9237,-2107.4131
-2591.8363,-158.4112,-1986.1443
-2549.9097,-218.2886,-1877.4008
-2409.0387,-419.4734,-1943.1668
-2348.7528,-505.5704,-1892.6947
-2350.9601,-502.4181,-1678.6909
-2319.1735,-547.8141,-1521.8454
-2274.5917,-611.4835,-1370.38
-1963.9116,-1055.1807,-2365.0904
-1934.065,-1097.806,-2346.8624
-1858.205,-1206.1454,-2727.6397
-1844.2331,-1226.0992,-2731.8781
-1830.2317,-1246.0953,-2726.5035
-1814.9169,-1267.9671,-2718.8533
-1801.9001,-1286.5571,-2732.4576
-1790.7925,-1302.4204,-2765.8803
-1782.5841,-1314.1432,-2788.0309
-1776.4474,-1322.9073,-2811.8671
-1770.2465,-1331.7631,-2830.8088
-1761.0049,-1344.9615,-2839.9201
-1750.6163,-1359.7979,-2847.2291
-1740.1501,-1374.7453,-2855.4106
-1742.4838,-1371.4124,-2896.826
-1739.6386,-1375.4757,-2913.1441
-1739.0422,-1376.3274,-2930.7339
-1739.4641,-1375.7249,-2947.7668
-1737.5662,-1378.4355,-2961.8365
-1735.4307,-1381.4852,-2975.476
-1732.9277,-1385.0599,-2988.7041
-1730.7538,-1388.1645,-3002.165
-1726.11,-1394.7966,-3015.5372
-1725.6055,-1395.5171,-3029.9111
-1725.6199,-1395.4965,-3044.059
-1724.7664,-1396.7155,-3058.5888
-1723.8994,-1397.9536,-3073.697
-1722.1145,-1400.5027,-3090.2233
-1713.0362,-1413.4678,-3113.6629
-1699.4425,-1432.8817,-3145.275
-1464.2892,-1768.7154,-3485.2817
-1271.2167,-2044.4515,-3850.4694
-4257.3605,2220.2038,-6035.3221
-3436.4124,1047.7683,-4257.9054
-3332.1893,898.9224,-3948.4475
-2986.9208,405.8278,-3541.5577
-2788.7413,122.7982,-3083.3162
-2767.1039,91.8968,-2959.6538
-2740.9237,54.5077,-2839.9325
-2736.5969,48.3282,-2435.5686
-1760.8916,-2610.7521,-3139.2519
-1797.1034,-2559.0362,-3051.172
-1836.5886,-2502.6455,-2965.8645
-1880.44,-2440.0192,-2886.3947
-1928.0414,-2372.0374,-2812.9931
-1970.004,-2312.1085,-2718.3105
-2035.6006,-2218.427,-2693.7995
-2123.1851,-2093.3434,-2773.6996
-2192.3698,-1994.5373,-2815.5615
-2255.1453,-1904.8846,-2862.0496
-2296.1725,-1846.2917,-2749.8698
-2346.2796,-1774.7313,-2628.7443
-2403.5129,-1692.9938,-2334.0567
-2487.0819,-1573.6449,-2004.5362
-2581.0825,-1439.3981,-1914.9925
-2669.1211,-1313.6659,-1958.2013
-2746.4753,-1203.1926,-2060.1323
-2866.8492,-1031.2809,-1934.8339
-2952.9934,-908.2542,-2009.2762
-3020.4768,-811.878,-2143.9937
-3080.8002,-725.7272,-2278.3311
-3137.1044,-645.3164,-2408.6556
-3192.6798,-565.9465,-2533.6503
-3250.0746,-483.9782,-2647.2817
-3305.6771,-404.5697,-2761.6454
-3357.4374,-330.6484,-2881.1569
-3410.4344,-254.9608,-3000.2395
-3469.7865,-170.1972,-3114.3257
-3527.1308,-88.301,-3238.7135
-3585.3367,-5.1745,-3369.6141
-3819.7168,329.555,-3881.2875
-3963.4963,534.8935,-4065.3743
-4065.9233,681.1744,-4277.906
-4598.8194,1442.2289,-5238.4074
-4769.9756,1686.6653,-5698.0129
-4953.8569,1949.275,-6215.7836
-5174.7783,2264.7834,-7852.2296
-257.7396,-4757.4755,-7931.3434
-900.6556,-3839.2964,-6158.5509
-1379.8798,-3154.8932,-5073.6871
-1351.1944,-3195.8603,-4925.933
-1201.6649,-3409.4105,-4519.6945
-1266.6074,-3316.6631,-4339.6229
-1342.4971,-3208.2813,-4178.7687
-1393.4209,-3135.5545,-4034.6934
-1546.0117,-2917.6324,-3601.1289
-1591.8823,-2852.1223,-3505.8014
-1631.1471,-2796.0463,-3413.4982
-1673.4145,-2735.6823,-3327.8556
-1708.5113,-2685.5589,-3237.8559
-1760.8916,-2610.7521,-3139.2519
-2849.8839,-2342.1555,-3029.9279
-2934.0353,-2221.9749,-2825.5178
-3029.2623,-2085.9766,-2782.0578
-3130.6018,-1941.2488,-2695.5748
-3249.6356,-1771.251,-2499.4112
-3357.3003,-1617.4898,-2537.4723
-3459.8002,-1471.1048,-2608.7821
-3547.3773,-1346.0317,-2739.6898
-3633.9002,-1222.4643,-2852.6644
-3717.9193,-1102.4725,-2966.8873
-3784.4583,-1007.445,-3115.4884
-3846.8091,-918.3988,-3260.3134
-3893.3553,-851.924,-3424.2794
-3937.938,-788.2532,-3581.591
-3973.4962,-737.4709,-3739.0547
-4025.8188,-662.7464,-3868.0925
-4085.7886,-577.1008,-3990.5052
-4146.1082,-490.9555,-4117.1394
-4210.4822,-399.0198,-4244.5296
-4290.922,-284.1398,-4374.8965
-4355.9325,-191.2953,-4525.854
-4415.4822,-106.2495,-4687.2918
-4581.4377,130.7595,-5323.2651
-4645.6592,222.4773,-5549.1973
-4718.9726,327.1797,-5801.1419
-5116.1215,894.3672,-6909.1953
-5519.7955,1470.8733,-7712.5454
-5497.7013,1439.3196,-8149.4534
-925.7573,-5090.0932,-8263.9611
-325.4731,-5947.3877,-7745.9154
-792.5658,-5280.3103,-6880.9709
-1722.8742,-3951.6923,-5525.1533
-1777.9327,-3873.0605,-5340.1238
-1712.928,-3965.8969,-5188.0648
-1653.0661,-4051.3885,-4572.2923
-1649.1721,-4056.9497,-4357.4245
-1662.2431,-4038.2824,-4106.4864
-1703.7088,-3979.0633,-3932.6559
-1764.4415,-3892.3279,-3776.0323
-1852.323,-3766.8202,-3654.7423
-1948.7821,-3629.0624,-3553.2651
-2247.0609,-3203.0761,-3778.6349
-2343.9551,-3064.6968,-3759.7024
-2401.4537,-2982.5802,-3677.1351
-2453.81,-2907.8077,-3583.2634
-2511.0397,-2826.0752,-3492.223
-2570.4087,-2741.2875,-3398.1286
-2631.3488,-2654.2561,-3293.9721
-2696.602,-2561.0648,-3190.5494
-2771.0748,-2454.7067,-3107.6139
-2849.8839,-2342.1555,-3029.9279
-5434.9309,63.0285,-8557.8919
-5550.568,228.1754,-8302.7281
-5593.8585,290.0005,-7999.8047
-5264.5906,-180.2427,-6916.478
-5220.9502,-242.5676,-6673.0874
-5182.0157,-298.1718,-6449.3124
-5019.5458,-530.2029,-5772.1094
-4968.193,-603.5423,-5605.5609
-4922.7232,-668.48,-5442.4296
-4877.5153,-733.0435,-5284.5897
-4846.132,-777.8635,-5119.1531
-4822.5212,-811.5832,-4943.4182
-4796.7177,-848.4344,-4761.7861
-4760.2387,-900.5318,-4580.6027
-4718.8653,-959.6192,-4397.9059
-4675.6771,-1021.2983,-4204.505
-4614.5199,-1108.6399,-4027.9598
-4539.7859,-1215.371,-3862.0273
-4470.3097,-1314.5934,-3671.8261
-4397.1758,-1419.0395,-3460.1736
-4298.2665,-1560.2966,-3305.4735
-4217.4362,-1675.7341,-3014.6045
-4107.2237,-1833.1339,-2798.7372
-3977.0099,-2019.0986,-2615.977
-3851.8904,-2197.7877,-2202.1987
-3689.7074,-2429.4091,-2007.9186
-3513.4795,-2681.0886,-1965.4567
-3332.7173,-2939.2438,-1899.294
-3160.2425,-3185.5632,-2052.0488
-3003.3984,-3409.5598,-2193.1746
-2902.0356,-3554.3209,-2588.4749
-2797.879,-3703.072,-2856.0623
-2717.302,-3818.1478,-3142.8648
-2628.8605,-3944.4555,-3362.6189
-2531.5666,-4083.4054,-3535.2472
-2429.2869,-4229.476,-3689.798
-2339.3866,-4357.867,-3865.7359
-2265.9665,-4462.7218,-4063.9844
-2217.749,-4531.5834,-4284.3373
-2191.5092,-4569.0578,-4521.8794
-2195.0857,-4563.9501,-4772.0366
-2008.4683,-4830.4672,-4896.1437
-1853.4601,-5051.8419,-5086.3977
-1724.7181,-5235.7046,-5279.6031
-1530.889,-5512.5212,-5504.803
-493.1411,-6994.5788,-6627.1798
-233.4285,-7365.4868,-7120.8117
-452.2154,-7053.0268,-8440.5418
-610.6212,-6826.7998,-8813.7709
-1839.5515,-5071.7055,-8576.9253
-5434.9309,63.0285,-8557.8919
-3881.1268,-3442.6794,-2935.9073
-3693.5192,-3710.611,-2851.4245
-3502.0073,-3984.1182,-2824.0807
-3375.8759,-4164.2525,-3149.8843
-3222.5588,-4383.2121,-3295.6427
-3127.7668,-4518.5891,-3613.3134
-3024.0736,-4666.6783,-3861.5833
-2929.9258,-4801.1353,-4105.1667
-2913.816,-4824.1425,-4478.1521
-2695.078,-5136.5327,-4520.0057
-2487.1004,-5433.5555,-4564.7358
-1581.982,-6726.1985,-3953.7049
-1408.8123,-6973.5106,-4241.7233
-1302.8359,-7124.8605,-4604.3939
-1084.2047,-7437.0983,-5036.9041
-1190.2251,-7285.6854,-5529.5554
-1327.3732,-7089.8176,-5987.6902
-924.7173,-7664.8699,-6295.1838
-34.4394,-8936.3184,-8074.6236
-90.2953,-8856.548,-8596.0368
-321.5658,-8526.2595,-9030.7239
-2280.3276,-5728.8576,-9174.4541
-2577.6489,-5304.2389,-9156.9522
-5735.4808,-794.3875,-9006.8113
-5885.8646,-579.6172,-8892.1763
-6076.3202,-307.6184,-8220.5889
-6149.1765,-203.5689,-7998.0176
-6298.7898,10.1011,-7744.8185
-5678.5902,-875.6357,-6770.4178
-5644.833,-923.8461,-6593.6168
-5605.6046,-979.87,-6423.3071
-5561.5115,-1042.8414,-6259.1621
-5517.0201,-1106.3817,-6097.8056
-5478.5946,-1161.2591,-5932.1344
-5440.752,-1215.3039,-5762.7978
-5403.8265,-1268.0389,-5585.7254
-5363.0838,-1326.2256,-5404.5182
-5330.112,-1373.3141,-5197.3634
-5289.1348,-1431.8356,-4979.287
-5228.6695,-1518.189,-4782.9427
-5149.4261,-1631.3603,-4612.6685
-5067.6874,-1748.0953,-4430.2532
-4966.0802,-1893.2055,-4283.2906
-4861.3708,-2042.7459,-4135.7776
-4748.9254,-2203.3346,-3997.9503
-4634.7011,-2366.4638,-3819.1015
-4512.1239,-2541.5222,-3600.9183
-4375.165,-2737.1198,-3369.8461
-4221.7218,-2956.2594,-3107.9536
-4049.69,-3201.9463,-2987.2212
-3881.1268,-3442.6794,-2935.9073
-4503.8835,-3860.9534,-3869.2942
-4818.8193,-3411.1785,-4378.1807
-5080.081,-3038.0582,-4558.408
-5308.5097,-2711.8281,-4848.2235
-5476.1261,-2472.447,-5282.3871
-5567.7482,-2341.5971,-5800.0443
-5646.9586,-2228.473,-6183.1309
-5739.2797,-2096.6247,-6454.9176
-5873.5227,-1904.9059,-6637.6988
-6039.6732,-1667.6184,-6802.0897
-6220.8299,-1408.8998,-6999.9484
-6410.9679,-1137.3546,-7244.4624
-6668.0855,-770.1527,-7528.4472
-6704.9476,-717.5081,-7935.9838
-6505.0731,-1002.9585,-8327.7111
-6354.0273,-1218.6742,-8653.8075
-5824.1638,-1975.3978,-8733.7977
-5617.1426,-2271.0546,-8815.368
-5468.378,-2483.5126,-8876.0464
-5324.1494,-2689.4923,-8882.7142
-5215.1049,-2845.224,-8888.061
-5127.1597,-2970.8228,-8890.8175
-5053.1961,-3076.4538,-8894.9535
-4987.2669,-3170.6103,-8898.4609
-4926.644,-3257.1889,-8900.1469
-4869.4236,-3338.908,-8903.8888
-4812.6937,-3419.9268,-8904.9666
-4755.2602,-3501.9502,-8905.3675
-4695.4719,-3587.3368,-8908.4717
-4630.1969,-3680.5592,-8909.9223
-4557.5385,-3784.3261,-8911.1389
-4472.031,-3906.4435,-8912.8827
-3840.9031,-4807.7875,-9742.1354
-3474.5117,-5331.0487,-9840.3949
-2866.0259,-6200.0564,-10007.758
-2129.7537,-7251.5621,-9992.4416
-836.5418,-9098.4601,-9916.3028
-465.524,-9628.3285,-9084.844
-271.0268,-9906.0993,-8116.1201
178.3492,-10547.8747,-7013.9877
-427.4881,-9682.6494,-6097.2226
-956.0672,-8927.7602,-5377.1113
-1530.3327,-8107.624,-4792.3768
-2159.373,-7209.2613,-4564.7446
-2789.3319,-6309.5868,-4607.8703
-3108.0522,-5854.4072,-4233.6905
-3451.0031,-5364.6224,-3969.3429
-3733.0613,-4961.8017,-3582.1265
-4120.7079,-4408.1848,-3664.5166
-4473.2963,-3904.6364,-3812.1983
-5361.286,-4375.3518,-5053.6065
-5434.737,-3852.7207,-5346.3209
-5498.09,-3401.9406,-5573.6525
-5549.9657,-3032.8258,-5965.8459
-5583.0781,-2797.2188,-6501.5908
-5623.7325,-2507.9476,-6713.4718
-5649.8328,-2322.2347,-7054.3769
-5662.0464,-2235.3303,-7439.7372
-5661.4631,-2239.4809,-7827.8614
-5660.8998,-2243.4886,-8142.6322
-5666.7331,-2201.9823,-8383.7491
-5670.3125,-2176.5135,-8614.3202
-5670.6175,-2174.3437,-8835.9522
-5666.9335,-2200.5565,-9051.2563
-5662.0345,-2235.4149,-9254.3846
-5649.1982,-2326.7496,-9442.5245
-5638.8186,-2400.6046,-9620.769
-5622.6394,-2515.7254,-9775.0583
-5562.9864,-2940.1791,-9730.1641
-5535.4709,-3135.9617,-9739.0225
-5514.9613,-3281.8949,-9748.096
-5498.0429,-3402.276,-9753.5456
-5483.729,-3504.1241,-9758.552
-5470.8887,-3595.4878,-9761.7672
-5459.1147,-3679.2643,-9764.1052
-5447.8708,-3759.2686,-9767.8233
-5436.8496,-3837.689,-9771.2546
-5425.6658,-3917.2658,-9774.1749
-5413.917,-4000.8624,-9777.2031
-5401.1928,-4091.4,-9780.579
-5387.041,-4192.0953,-9783.2075
-5370.2362,-4311.6674,-9788.0383
-5349.8158,-4456.9665,-9792.0815
-5266.9917,-5046.2903,-10091.3009
-5220.9205,-5374.1039,-10059.4505
-5144.1543,-5920.3239,-10050.9118
-4910.2542,-7584.6096,-10125.8262
-4497.3606,-10522.5005,-9910.1965
-4388.5425,-11296.781,-9046.9802
-4374.4428,-11397.106,-8080.4052
-4245.2615,-12316.2789,-6781.0858
-4417.2122,-11092.7858,-6026.6223
-4524.1367,-10331.9785,-5315.6955
-4692.6789,-9132.738,-5039.528
-4830.9988,-8148.5409,-4822.2676
-4926.4005,-7469.7224,-4435.3428
-5138.733,-5958.8982,-5361.0483
-5179.6007,-5668.1096,-4637.1832
-5265.3159,-5058.2146,-4564.1203
-5358.7882,-4393.1242,-5039.9895
-7795.778,-3968.7783,-11713.1312
-7812.8826,-3871.773,-11710.4401
-7831.6993,-3765.0582,-11708.1815
-7852.8704,-3644.991,-11704.5948
-7876.169,-3512.8582,-11690.0735
-7896.5781,-3397.1126,-11636.4969
-7927.535,-3221.5469,-11605.765
-7962.7267,-3021.965,-11552.1278
-7997.7838,-2823.1461,-11456.779
-8042.0887,-2571.8809,-11323.5404
-8083.5098,-2336.97,-11142.3882
-8134.4601,-2048.0164,-10904.8232
-8164.7914,-1875.9993,-10612.9486
-8167.5372,-1860.4269,-10312.9898
-8154.1884,-1936.1319,-10027.0983
-8127.1461,-2089.4962,-9774.3831
-8100.3511,-2241.4582,-9522.5693
-8078.5689,-2364.9912,-9230.1924
-8061.9669,-2459.146,-8860.3692
-8046.7163,-2545.6366,-8362.2796
-8021.8312,-2686.7668,-7771.2647
-7972.5556,-2966.2227,-7239.4414
-7898.9396,-3383.7199,-6886.1016
-7814.9463,-3860.0693,-6489.3379
-7722.1106,-4386.5665,-6753.4842
-7646.8774,-4813.2352,-7168.0779
-7567.5892,-5262.9011,-7290.7688
-7341.9128,-6542.7757,-5822.9367
-7188.5148,-7412.7387,-5739.4037
-7026.4297,-8331.9692,-5800.2699
-6924.8171,-8908.2427,-6375.9236
-6842.9356,-9372.6158,-7044.1641
-6735.8239,-9980.0765,-7624.6101
-6586.8584,-10824.9017,-8171.3042
-6573.2818,-10901.8989,-9076.6649
-6562.8498,-10961.0614,-9943.8291
-6695.2356,-10210.2645,-10814.5291
-6891.3993,-9097.7648,-11454.9766
-7057.0908,-8158.0813,-11872.6369
-7339.9066,-6554.1536,-11863.175
-7463.9731,-5850.5374,-11852.3244
-7542.4995,-5405.1918,-11831.6065
-7621.4207,-4957.6078,-11706.8749
-7652.3573,-4782.1574,-11707.4283
-7676.0909,-4647.5572,-11717.6489
-7697.3915,-4526.7557,-11719.0254
-7716.3735,-4419.1036,-11719.5489
-7733.5954,-4321.433,-11719.1843
-7756.8422,-4189.5939,-11716.5987
-7772.6358,-4100.024,-11713.6312
-7795.778,-3968.7783,-11713.1312
-9842.0276,-4337.4235,-11710.4429
-9890.2928,-4253.8256,-11705.1348
-9943.3512,-4161.9258,-11703.1946
-10002.8333,-4058.8998,-11698.3855
-10071.9227,-3939.2334,-11690.573
-10275.9458,-3585.855,-11872.2671
-10418.7226,-3338.5585,-11859.1143
-10608.5812,-3009.7137,-11828.0323
-10838.9652,-2610.6768,-11741.8624
-11138.7888,-2091.3672,-11584.1192
-11447.6173,-1556.4605,-11295.4348
-11896.5106,-778.9544,-10851.1873
-12231.2106,-199.237,-10221.4513
-12236.6369,-189.8385,-9591.2697
-12150.2299,-339.4997,-8990.3363
-12045.0111,-521.7441,-8391.3326
-11930.1853,-720.6282,-7773.9246
-11806.2318,-935.322,-7113.5607
-11567.8633,-1348.1883,-6624.2979
-11199.1665,-1986.7899,-6506.9104
-10982.2927,-2362.4264,-5932.0199
-10729.2898,-2800.6402,-5324.4636
-10444.8245,-3293.3486,-4522.1749
-10033.5319,-4005.7284,-4889.6086
-9544.8453,-4852.1582,-3930.5992
-8908.356,-5954.5902,-1852.5885
-8349.4732,-6922.6035,-2211.5079
-8028.3672,-7478.7754,-3486.9619
-7788.3934,-7894.4222,-4598.6496
-7571.0423,-8270.8854,-5511.0588
-7414.36,-8542.2671,-6391.2331
-7333.933,-8681.5708,-7261.6513
-7192.6128,-8926.3446,-7951.3223
-7057.5892,-9160.2122,-8620.0522
-6989.7125,-9277.7782,-9322.063
-7103.9483,-9079.9159,-10070.5159
-7562.0232,-8286.507,-10839.9967
-7844.5948,-7797.0786,-11319.3206
-8088.4965,-7374.6284,-11686.548
-8315.652,-6981.1836,-11963.7235
-8802.4974,-6137.9426,-11922.806
-9152.452,-5531.8035,-11772.9987
-9350.8422,-5188.1815,-11691.889
-9430.2692,-5050.6099,-11706.3815
-9499.3419,-4930.9724,-11712.8864
-9558.972,-4827.6901,-11716.8726
-9613.0286,-4734.0614,-11715.5138
-9661.9807,-4649.2738,-11717.8398
-9730.8836,-4529.9305,-11714.9196
-9775.7218,-4452.2685,-11709.4467
-9842.0276,-4337.4235,-11710.4429
-11341.2077,-6564.4534,-3599.9221
-11616.0082,-5718.7044,-2140.5602
-11985.1204,-4582.6938,-1733.92
-12325.9111,-3533.8481,-2055.3475
-12505.5848,-2980.8691,-3745.3139
-12695.0522,-2397.7485,-4631.9027
-12901.5626,-1762.1749,-5227.0709
-13078.7854,-1216.7391,-5889.0318
-13239.1194,-723.2819,-6563.6075
-13331.7626,-438.1552,-7369.1972
-13381.6244,-284.6966,-8186.6642
-13428.7824,-139.5592,-8953.2744
-13455.3839,-57.6881,=
-13277.791,-604.2629,-10491.5436
-13037.8495,-1342.7268,-11122.5269
-12786.7013,-2115.6815,-11557.7939
-12438.5417,-3187.2068,-11764.4753
-12241.2708,-3794.344,-11838.2586
-12097.1824,-4237.8025,-11869.6334
-11999.9581,-4537.0282,-11885.7556
-11919.2241,-4785.5019,-11871.0119
-11819.9303,-5091.0967,-11709.7893
-11781.0643,-5210.7139,-11714.5113
-11747.1948,-5314.9537,-11720.3709
-11715.4787,-5412.5657,-11722.8575
-11685.8763,-5503.6724,-11725.5454
-11656.9891,-5592.5783,-11728.5321
-11627.9541,-5681.9389,-11726.4831
-11597.4483,-5775.826,-11735.793
-11565.0675,-5875.4836,-11739.4635
-11530.0939,-5983.1213,-11735.3978
-11489.3927,-6108.387,-11736.9257
-11440.1583,-6259.9147,-11741.7741
-11375.6972,-6458.3056,-11752.783
-11218.2004,-6943.0309,-11895.2325
-11070.3945,-7397.9309,-11897.8564
-10827.0135,-8146.9805,-11895.8692
-10710.7131,-8504.9164,-11617.3434
-10512.7428,-9114.2062,-11284.2478
-10097.254,-10392.9492,-10748.6402
-9475.5442,-12306.3753,-9733.952
-9473.6512,-12312.2013,-8801.4413
-9282.1443,-12901.599,-7469.173
-10001.33,-10688.1729,-7620.0819
-10137.2345,-10269.902,-6964.6427
-10311.7191,-9732.8935,-6414.6409
-10468.0515,-9251.7519,-5783.6885
-10630.4888,-8751.8213,-5083.6199
-10863.0881,-8035.9542,-4709.241
-11085.6993,-7350.8275,-4154.9546
-11341.2077,-6564.4534,-3599.9221
-13051.5153,-7071.1592,-3662.2381
-13336.296,-6615.4147,-3293.823
-13646.104,-6119.6183,-3156.7654
-13942.2441,-5645.6952,-3558.6935
-14222.7699,-5196.76,-3811.3005
-14481.4834,-4782.7318,-4130.7657
-14757.3678,-4341.2246,-4256.9692
-15362.9968,-3372.0156,-3020.8167
-15802.7588,-2668.2492,-2950.1091
-16160.2757,-2096.1026,-3163.8606
-16302.9493,-1867.7771,-3976.3938
-16473.2641,-1595.2165,-4611.5008
-16599.1771,-1393.7135,-5285.1139
-16851.2455,-990.3197,-5693.0141
-16700.4257,-1231.6819,-6704.9665
-16809.9195,-1056.4551,-7224.3244
-16751.1174,-1150.5582,-7890.5261
-16680.9479,-1262.8528,-8498.2736
-16686.3792,-1254.161,-9040.2171
-16475.5948,-1591.4865,-9624.8248
-16432.3505,-1660.6919,-10069.751
-16309.2848,-1857.6382,-10505.054
-16034.2735,-2297.7483,-10910.3453
-15653.4702,-2907.1609,-11220.476
-15093.0483,-3804.0234,-11394.8546
-14595.5042,-4600.2604,-11449.6605
-14491.1199,-4767.3102,-11542.9275
-14342.9469,-5004.4366,-11586.9369
-14277.7455,-5108.7807,-11657.0075
-14225.004,-5193.1847,-11728.0134
-14169.7674,-5281.5817,-11786.3128
-14118.9121,-5362.9672,-11840.2053
-13984.7678,-5577.643,-11748.3356
-13907.9435,-5700.5875,-11709.8826
-13860.4463,-5776.599,-11710.9444
-13818.6566,-5843.4765,-11712.957
-13780.0896,-5905.1966,-11714.0072
-13744.4544,-5962.2248,-11715.8082
-13710.7479,-6016.1666,-11717.5264
-13678.2748,-6068.1344,-11717.8709
-13647.6392,-6117.1616,-11721.0398
-13617.2896,-6165.7311,-11722.4847
-13587.2528,-6213.7999,-11724.5603
-13557.0577,-6262.1222,-11724.3177
-13526.1735,-6311.5473,-11729.5398
-13494.9967,-6361.4405,-11730.4959
-13462.2656,-6413.8212,-11731.6305
-13427.9836,-6468.684,-11733.7992
-13391.4536,-6527.1442,-11736.677
-13352.9358,-6588.7856,-11735.7212
-13311.3273,-6655.3731,-11734.9512
-13264.2416,-6730.7259,-11735.3518
-13210.4129,-6816.8698,-11739.1599
-13047.0401,-7078.321,-11897.3928
-12878.2453,-7348.4492,-12013.9332
-12737.6628,-7573.4282,-12039.6106
-12548.0631,-7876.8511,-12077.8724
-12309.3262,-8258.9101,-12102.8281
-12061.176,-8656.0334,-12028.8398
-11139.4373,-10131.1236,-12204.4041
-11117.4445,-10166.3194,-11845.3096
-11022.1992,-10318.7438,-11504.684
-10788.7153,-10692.3962,-11094.3113
-10065.1691,-11850.3121,-10588.4315
-9831.776,-12223.8192,-10021.2131
-9482.8098,-12782.2818,-9327.5111
-9284.5188,-13099.6137,-8073.2901
-9557.096,-12663.399,-7535.0519
-9657.8557,-12502.1499,-6919.7532
-9741.6258,-12368.0897,-6259.8882
-9848.2046,-12197.5279,-5589.6651
-10022.5974,-11918.4411,-4981.4293
-10240.7141,-11569.3814,-4425.5698
-10413.0094,-11293.6513,-3732.361
-11117.6238,-10166.0325,-4286.8543
-11657.1766,-9302.5675,-4710.1951
-12047.2798,-8678.272,-4877.5819
-12243.9559,-8363.5244,-4419.2724
-12474.559,-7994.4823,-4012.3312
-12698.7424,-7635.7139,-3371.839
-13051.5153,-7071.1592,-3662.2381
-15718.0673,-8409.0516,-5539.343
-15871.1295,-8030.2095,-5378.6632
-16031.6143,-7632.9955,-5195.3176
-16194.3671,-7230.1683,-5261.7994
-16356.7004,-6828.3792,-5691.0568
-16410.3155,-6695.6772,-6873.2692
-16547.1852,-6356.9128,-6884.06
-16967.7177,-5316.0584,-5437.6592
-16661.1676,-6074.7966,-7981.9356
-16691.656,-5999.3351,-8327.4699
-16758.8567,-5833.0075,-8496.7263
-16800.5712,-5729.7604,-8734.2328
-16810.167,-5706.0101,-9032.2626
-16863.8441,-5573.1545,-9201.9023
-16923.6706,-5425.0788,-9361.6501
-16970.0493,-5310.2875,-9549.5428
-16990.2031,-5260.4049,-9771.7937
-16986.9042,-5268.5702,-10010.0772
-16974.8407,-5298.4282,-10243.7919
-16953.1613,-5352.0868,-10464.9095
-16943.0219,-5377.1826,-10667.4522
-16935.0584,-5396.893,-10862.2415
-16914.4118,-5447.9952,-11054.0535
-16856.0965,-5592.3305,-11224.8209
-16808.6121,-5709.8587,-11382.268
-16662.3473,-6071.8767,-11489.552
-16554.8242,-6338.0056,-11545.8756
-16495.906,-6483.8334,-11607.4995
-16450.4084,-6596.4439,-11668.5291
-16381.0313,-6768.1581,-11674.0554
-16343.4298,-6861.2251,-11716.1951
-16289.997,-6993.4759,-11717.5602
-16248.5742,-7096.0009,-11720.4133
-16212.5102,-7185.2627,-11723.292
-16179.9936,-7265.744,-11723.6587
-16149.9763,-7340.0395,-11720.7403
-16122.8013,-7407.2999,-11721.4548
-16098.0116,-7468.6565,-11722.6565
-16074.4092,-7527.0746,-11724.0875
-16051.5978,-7583.5348,-11724.5389
-16029.8729,-7637.3057,-11729.4938
-16008.1708,-7691.0204,-11729.9812
-15986.5548,-7744.5217,-11731.5376
-15964.7342,-7798.5296,-11733.6498
-15942.637,-7853.2222,-11736.7886
-15919.8638,-7909.5878,-11735.8221
-15895.7131,-7969.3629,-11740.548
-15870.8611,-8030.8738,-11739.7342
-15843.7539,-8097.9664,-11741.9923
-15814.6578,-8169.9819,-11742.3264
-15781.0424,-8253.1829,-11749.6359
-15745.4008,-8341.3989,-11748.994
-15622.1438,-8646.4705,-11941.0744
-15549.3539,-8826.6321,-11967.7666
-15449.8118,-9073.0073,-12014.3079
-15201.3268,-9688.0294,-12247.6284
-14728.8115,-10857.5456,-12602.9408
-14698.3923,-10932.8357,-12326.82
-14655.6184,-11038.7048,-12065.7535
-14602.9189,-11169.1407,-11805.9617
-14471.0836,-11495.4446,-11565.6148
-14174.4152,-12229.7247,-11279.3945999999
-13940.873,-12807.7619,-10872.6049
-13756.9959,-13262.8737,-10406.224
-13625.3376,-13588.7395,-9889.2256
-13678.2657,-13457.7379,-9418.9384
-13722.137,-13349.1524,-8944.1365
-13762.6476,-13248.8853,-8459.8317
-13439.2809,-14049.246,-7357.1484
-13534.8393,-13812.7306,-6821.7152
-13694.5062,-13417.5412,-6398.9005
-13730.6663,-13328.0419,-5707.3951
-14214.2741,-12131.0704,-6086.0262
-14354.1482,-11784.8699,-5719.8967
-14525.4591,-11360.8606,-5458.0551
-14679.0035,-10980.8249,-5133.1709
-14864.9718,-10520.5372,-4961.0785
-14997.9921,-10191.3004,-4466.7518
-15499.7819,-8949.327,-6662.204
-15592.9158,-8718.8126,-6200.9296
-15718.0673,-8409.0516,-5539.343
-18564.6444,-9001.945,-4371.3454
-18711.6971,-8637.9769,-4184.6707
-18865.534,-8257.2171,-3947.8674
-19025.6565,-7860.9001,-3950.5206
-19184.6407,-7467.4004,-4021.4058
-19147.4084,-7559.5536,-7441.0948
-19203.9749,-7419.5465,-7765.4905
-19275.5711,-7242.3398,-7956.2298
-19329.2076,-7109.5848,-8130.2914
-19520.7767,-6635.4346,-7551.81
-19621.3058,-6386.6164,-7592.0187
-19681.4699,-6237.7048,-7779.8691
-19886.1825,-5731.0234,-7446.4045
-20821.1128,-3416.9898,-5001.6409
-20093.2076,-5218.6185,-7764.7558
-19856.057,-5805.5867,-8796.1549
-19857.3466,-5802.3947,-9049.4323
-19886.0626,-5731.3203,-9230.2186
-19916.8325,-5655.1619,-9403.3633
-19937.0382,-5605.1513,-9591.1143
-19988.3372,-5478.1818,-9745.2368
-20045.9784,-5335.5148,-9898.1795
-20071.4283,-5272.5241,-10081.7759
-20084.2431,-5240.8064,-10274.4592
-20123.2496,-5144.2618,-10455.2057
-20117.6421,-5158.141,-10656.4951
-20116.7289,-5160.401,-10852.739
-20068.9849,-5278.5717,-11046.5564
-20005.9593,-5434.5655,-11222.6686
-19939.175,-5599.8623,-11392.7741
-19857.8609,-5801.122,-11520.4056
-19854.3073,-5809.9174,-11680.4348
-19696.9825,-6199.3099,-11734.1776
-19588.7708,-6467.1432,-11770.2472
-19492.7706,-6704.7521,-11776.0904
-19415.1788,-6896.7985,-11777.1955
-19347.6673,-7063.8955,-11770.9475
-19290.0897,-7206.4048,-11761.8967
-19242.6432,-7323.8391,-11755.5321
-19182.4051,-7472.9337,-11706.7847
-19151.6715,-7549.0019,-11708.0475
-19122.4744,-7621.2674,-11704.5026
-19097.8952,-7682.103,-11708.3202
-19074.6794,-7739.5641,-11709.4401
-19052.9207,-7793.4187,-11710.1983
-19033.5455,-7841.374,-11715.9769
-19013.6721,-7890.5624,-11715.1132
-18994.9562,-7936.886,-11716.4109
-18977.0626,-7981.1741,-11717.1418
-18959.5598,-8024.495,-11718.0631
-18942.0726,-8067.7776,-11717.6394
-18925.0371,-8109.9419,-11718.279
-18908.2116,-8151.5864,-11721.679
-18890.9354,-8194.3465,-11729.2565
-18873.673,-8237.0723,-11725.5234
-18856.0156,-8280.776,-11724.632
-18838.3361,-8324.5343,-11723.3157
-18819.5331,-8371.0734,-11723.5214
-18800.2119,-8418.895,-11723.9023
-18779.5492,-8470.0369,-11725.9366
-18758.0251,-8523.311,-11725.8117
-18734.7847,-8580.8331,-11726.4059
-18710.0554,-8642.0401,-11725.3288
-18683.3262,-8708.1973,-11723.4272
-18653.2582,-8782.6181,-11724.5369
-18619.3637,-8866.5099,-11724.8718
-18452.5820999999,-9279.309,-11986.1012
-18383.2671,-9450.8696,-12001.1883
-18289.8394,-9682.1114,-12035.3309
-18312.3368,-9626.4282,-11801.3196
-17822.1119,-10839.7776,-12210.6729
-17740.085,-11042.8012,-12082.4869
-17653.0207,-11258.293,-11939.0893
-17562.5337,-11482.2561,-11775.0179
-17487.0479,-11669.0901,-11578.6949
-17381.1866,-11931.1058,-11373.2684
-17262.2491,-12225.4866,-11133.1078
-17020.7215,-12823.2884,-10851.907
-16877.4423,-13177.9168,-10509.3118
-16747.0204,-13500.7223,-10121.532
-16698.6515,-13620.4395,-9729.1628
-16743.3279,-13509.8616,-9378.8075
-16856.5282,-13229.6809,-9093.6296
-16876.4229,-13180.4398,-8732.6247
-16852.6645,-13239.244,-8302.653
-16883.8963,-13161.9427,-7926.8233
-16950.5956,-12996.8561,-7589.5782
-17043.784,-12766.2067,-7300.694
-17140.7547,-12526.1958,-7022.0825
-17232.6347,-12298.7848,-6734.2421
-17336.6526,-12041.3313,-6477.9021
-17432.1639,-11804.9325,-6193.5428
-17534.6695,-11551.2223,-5925.5132
-17646.3496,-11274.8044,-5679.1613
-17754.7545,-11006.4929,-5406.9432
-17885.3041,-10683.3712,-5232.7649
-18012.9728,-10367.3802,-5036.661
-18139.8124,-10053.4411,-4813.8784
-18273.7242,-9721.9978,-4618.7559
-18417.9601,-9365.0015,-4501.3773
-18564.6444,-9001.945,-4371.3454
-20463.49,-9982.8325,-2874.8125
-20908.961,-9269.9298,-2924.9576
-21340.6915,-8579.0166,-3120.8894
-21765.3978,-7899.3445,-3223.1107
-22121.6153,-7329.2773,-3814.2189
-22304.6159,-7036.4151,-5228.6663
-22658.2947,-6470.4108,-5327.6841
-23274.7111,-5483.9384,-4846.6067
-23354.8042,-5355.7625,-5908.2334
-23745.6433,-4730.2892,-6146.1215
-23769.1633,-4692.6494,-7019.3304
-23698.1503,-4806.2939,-7888.4999
-22930.617,-6034.604,-9356.6969
-22499.7375,-6724.1553,-10089.2958
-22534.5256,-6668.4827,-10371.8512
-22547.8659,-6647.1338,-10660.2132
-22512.3206,-6704.0182,-10951.2947
-22434.3606,-6828.7802,-11218.1521
-22212.1101,-7184.4554,-11408.8053
-21924.3736,-7644.93,-11480.8844
-21742.4087,-7936.1347,-11525.2215
-21645.9172,-8090.5534,-11586.723
-21578.0966,-8199.089,-11654.567
-21521.174,-8290.1842,-11719.386
-21435.9888,-8426.509,-11719.3869
-21364.8299,-8540.3872,-11715.1109
-21306.5732,-8633.6173,-11718.0141
-21254.1486,-8717.5143,-11718.7991
-21206.6623,-8793.5082,-11718.6084
-21162.9306,-8863.4936,-11723.0704
-21120.8367,-8930.8578,-11723.9574
-21079.6568,-8996.7594,-11726.541
-21038.2764,-9062.9819,-11727.0479
-20996.2969,-9130.1632,-11725.3064
-20952.7992,-9199.7741,-11725.8026
-20906.3677,-9274.0801,-11726.1434
-20856.3235,-9354.1674,-11725.5624
-20799.7397,-9444.7204,-11726.5773
-20733.5025,-9550.7222,-11729.9269
-20266.3278,-10298.358,-12373.8301
-20008.6962,-10710.6548,-12473.4829
-19860.7913,-10947.352,-12337.9079
-19681.9489,-11233.5597,-12193.7237
-19461.91,-11585.6955,-12023.9408
-19184.449,-12029.726,-11808.5667
-18814.3299,-12622.0404,-11520.5927
-18494.9135,-13133.2135,-11091.9342
-17969.9126,-13973.3905,-10445.8502
-17819.4576,-14214.1689,-9779.3112
-17844.3622,-14174.3131,-9120.5061
-17900.0835,-14085.1404,-8453.6529
-18055.8276,-13835.8978,-7852.338
-18317.238,-13417.5537,-7382.3243
-18490.9283,-13139.5911,-6805.5585
-18695.9755,-12811.4469,-6251.6437
-19058.5316,-12231.2359,-6037.0823
-19294.3175,-11853.8997,-5535.5802
-19516.2386,-11498.7517,-4885.5255
-19783.9411,-11070.3381,-4229.758
-20099.2208,-10565.7851,-3571.7294
-20463.49,-9982.8325,-2874.8125
-22862.5182,-11501.0048,-3038.8467
-23284.9913,-10824.9064,11.6581
-23903.1035,-9835.7202,-2250.6669
-24314.3388,-9177.606,-2892.0717
-24523.4614,-8842.9399,-4622.0746
-24602.9139,-8715.7894,-6151.4222
-24291.7353,-9213.7792,-8514.1562
-24436.4949,-8982.1155,-8639.3277
-24577.8125,-8755.96,-8790.3749
-24526.9909,-8837.2916,-9294.634
-24325.8264,-9159.2221,-9911.4143
-24282.8677,-9227.9704,-10176.8546
-24245.8368,-9287.2322,-10392.1048
-24231.7332,-9309.8027,-10564.2664
-24227.4795,-9316.61,-10717.3366
-24225.1361,-9320.3603,-10862.0586
-24220.8516,-9327.2168,-11003.8097
-24200.5306,-9359.7372,-11141.6639
-24185.2068,-9384.2605,-11276.2507
-24170.3016,-9408.1137,-11411.1953
-24128.077,-9475.6873,-11526.4524
-24067.5794,-9572.5037,-11617.2294
-23982.3038,-9708.9732,-11661.8457
-23895.9294,-9847.2011,-11675.9114
-23824.5714,-9961.3977,-11687.1504
-23763.1719,-10059.6575,-11695.4851
-23709.3939,-10145.7203,-11703.3727
-23660.4337999999,-10224.0728,-11707.5233
-23615.1329,-10296.5694,-11710.1948
-23572.6876,-10364.4961,-11713.9765
-23531.5006,-10430.4091,-11714.2265
-23491.7203,-10494.0709,-11714.431
-23452.1182,-10557.4475,-11716.9902
-23411.579,-10622.3238,-11722.9116
-23369.2706,-10690.0313,-11726.59
-23323.5262,-10763.2376,-11732.7224
-23276.6225,-10838.2993,-11728.4605
-23224.7592,-10921.2979,-11723.7693
-22772.9044,-11644.4168,-12586.566
-22271.8606,-12446.2544,-13104.8971
-22074.2917,-12762.4309,-12896.4928
-21480.185,-13713.2003,-13144.0447
-21698.7367,-13363.4444,-12452.5609
-21524.7434,-13641.8919,-12171.3162
-21225.2425,-14121.1936,-11872.0154
-20236.263,-15703.8916,-11608.3095
-19999.9606,-16082.0545,-10990.7312
-20001.4333,-16079.6977,-10328.5907
-19981.7145,-16111.2543,-9646.3675
-20069.2363,-15971.1902,-8989.8246
-20042.147,-16014.5422,-8235.0397
-20030.5708,-16033.068,-7416.8997
-20143.423,-15852.4666,-6661.4675
-20442.6377,-15373.623,-6135.1228
-20727.4397,-14917.8445,-5603.3884
-21812.9092,-13180.7302,-6824.8868
-22057.9474,-12788.5872,-6574.9713
-22284.7264,-12425.6648,-6267.269
-22491.6147,-12094.5744,-5800.0973
-22648.8598,-11842.9296,-4737.5211
-22862.5182,-11501.0048,-3038.8467
-25528.1383,-13813.5963,869.3081
-25364.6015,-14262.9101,153.8301
-25289.1208,-14470.2913,-675.0773
-25280.4051,-14494.2378,-1529.107
-25325.2894,-14370.9191,-2395.0916
-25297.9869,-14445.9319,-3229.0791
-25202.7831,-14707.5023,-4033.3155
-25006.327,-15247.2611,-4666.9044
-24895.1164,-15552.8096,-5466.5309
-24800.3771,-15813.1038,-6283.5554
-24708.7061,-16064.9678,-7092.6889
-24640.0799,-16253.5166,-7926.8087
-24527.2948,-16563.3912,-8717.5728
-24358.3219,-17027.6405,-9407.4125
-24231.0619,-17377.2843,-10114.8139
-24344.4907,-17065.6413,-10839.1774
-24573.9158,-16435.301,-11387.9948
-24840.4178,-15703.0929,-11701.9242
-24973.8336,-15336.536,-12287.1494
-25167.9032,-14803.334,-12446.9287
-25442.102,-14049.979,-12116.6695
-25735.7723,-13243.1266,-12045.3406
-25979.2177,-12574.2657,-11716.7187
-26273.2885,-11766.3128,-11704.1214
-26555.3668,-10991.309,-11582.4707
-26773.807,-10391.1498,-11041.4776
-26952.1473,-9901.1637,-10380.1733
-27001.2734,-9766.1909,-9568.5235
-26928.7348,-9965.489,-8834.1253
-27071.838,-9572.3162,-8105.017
-26986.6022,-9806.4998,-7369.4007
-26766.771,-10410.4808,-6989.4923
-26737.7158,-10490.3095,-6468.936
-26787.6211,-10353.1958,-5605.894
-26803.2286,-10310.3145,-4733.7343
-26802.2967,-10312.875,-3861.0772
-26747.6482,-10463.0203,-3002.7078
-26667.2201,-10683.9949,-2168.3058
-26668.7406,-10679.8173,-1298.6745
-26690.1087,-10621.1087,-424.8326
-26688.0464,-10626.775,436.4035
-26702.282,-10587.663,1311.4867
-26716.5176,-10548.551,2186.5699
-26730.7532,-10509.439,3061.6531
-26744.9888,-10470.327,3936.7362
-26759.2244,-10431.215,4811.8194
-26683.7026,-10638.7095,5100.7755
-26611.4724,-10837.1602,4310.347
-26561.4108,-10974.7034,3446.5885
-26511.3492,-11112.2465,2582.83
-26377.8189,-11479.1181,1906.9307
-26179.3422,-12024.4282,1577.9386
-26110.223,-12214.3316,2353.3831
-26016.1064,-12472.915,3116.4866
-25953.5329,-12644.8343,3962.0995
-25769.032,-13151.7464,4502.9859
-25661.4233,-13447.3988,3896.1274
-25639.4311,-13507.8219,3022.4179
-25617.4389,-13568.245,2148.7083
-25581.1022,-13668.0791,1286.3253
-25528.1383,-13813.5963,869.3081
-28064.0055,-14593.8556,31.7754
-28332.3311,-13768.0342,1718.4178
-28787.8461,-12366.1032,4903.3005
-29021.6408999999,-11646.5568,-873.451
-29305.6323,-10772.5212,-833.923
-29345.4752,-10649.8973,-3649.6395
-29380.4462,-10542.2678,-5052.9258
-29356.1944,-10616.9069,-6493.0322
-29427.1862,-10398.4167,-6958.7496
-29685.674,-9602.8732,-6609.4903
-29585.4318,-9911.387,-7686.306
-29445.4961,-10342.0646,-8655.3674
-29403.7006,-10470.698,-9137.7749
-29348.2778,-10641.272,-9567.5315
-29334.3098,-10684.261,-9866.6845
-29307.5673,-10766.566,-10146.8404
-29276.126,-10863.3322,-10402.3944
-29242.515,-10966.7762,-10630.4892
-29195.9834,-11109.9857,-10834.7247
-29128.6757,-11317.1378,-11010.9683
-29067.6287,-11505.0209,-11151.8111
-29023.0781,-11642.1335,-11270.0931
-28988.5851,-11748.2921,-11375.9209
-28956.9348,-11845.7019,-11470.5537
-28925.726,-11941.7525,-11553.0111
-28906.5018,-12000.9186,-11648.4905
-28864.5733,-12129.9612,-11689.4471
-28817.7902,-12273.9448,-11697.7518
-28778.3279,-12395.3974,-11703.2423
-28744.2296,-12500.341,-11706.8721
-28714.2724,-12592.5397,-11709.404
-28687.2924,-12675.5759,-11709.6745
-28662.8851,-12750.6936,-11710.4411
-28640.281,-12820.2619,-11712.8253
-28618.8702,-12886.1577,-11715.9921
-28598.4387,-12949.0394,-11720.6106
-28577.9137,-13012.2089,-11719.7137
-28558.0033,-13073.4868,-11722.0001
-28537.7214,-13135.9081,-11722.5914
-28516.8179,-13200.2423,-11725.1921
-28495.2552,-13266.6055,-11726.9491
-28472.6134,-13336.2898,-11727.6121
-28449.1385,-13408.538,-11722.8325
-28422.9119,-13489.2551,-11723.6671
-28369.9556,-13652.238,-11810.5532
-28327.9755,-13781.4395,-11827.3477
-28276.7057,-13939.2317,-11847.4506
-28038.7904,-14671.4596,-12278.091
-27762.3063,-15522.3902,-12568.6109
-27569.7809,-16114.9224,-12590.509
-27409.5786,-16607.9743,-12458.9317
-27173.7862,-17333.6689,-12238.7668
-26642.5354,-18968.6906,-11894.7291
-26354.6073,-19854.8423,-11403.6818
-26258.1363,-20151.7493,-10771.6556
-26360.5552,-19836.5365,-10157.6038
-26386.9187,-19755.3982,-9537.3954
-26371.1597,-19803.8994,-8871.9476
-26418.3861,-19658.5514,-8240.1379
-26500.4172,-19406.0855,-7646.0824
-26603.088,-19090.0974,-7088.3528
-26672.8832,-18875.2896,-6450.304
-26758.8452,-18610.7258,-5811.7349
-26828.6603,-18395.8573,-5065.3721
-26975.5731,-17943.7061,-4535.2739
-27030.3243,-17775.1991,-3507.2867
-27198.8978,-17256.3834,-2881.8357
-27396.4141,-16648.4907,-2345.4763
-27588.6185,-16056.9462,-1628.4351
-27779.7556,-15468.6868,-546.0264
-28064.0055,-14593.8556,31.7754
-30477.2186,-15296.3228,-549.3722
-30819.7976,-14593.9318,275.4665
-31199.7435,-13814.9273,283.3006
-31688.085,-12813.679,1765.7565
-32102.8987,-11963.1847,1352.0648
-32240.5377,-11680.983,-1582.1709
-32377.4833,-11400.2029,-3009.0038
-32266.3764,-11628.0057,-5288.7185
-32378.4885,-11398.1419,-5835.4817
-32431.1324,-11290.206,-6475.894
-32376.9396,-11401.3176,-7326.7561
-32101.5912,-11965.8656,-8659.2852
-32178.4708,-11808.239,-8826.1492
-32217.1858,-11728.8615,-9069.5858
-32224.4666,-11713.9337,-9342.6291
-32206.9068,-11749.9365,-9623.0029
-32344.0186,-11468.8156,-9727.771
-32259.3177,-11642.4782,-10045.7805
-32233.8269,-11694.7422,-10275.6822
-32214.1126,-11735.1624,-10486.3477
-32185.4841,-11793.8597,-10684.0834
-32147.0808,-11872.598,-10868.9502
-32106.1463,-11956.5263,-11040.8427
-32022.8657,-12127.2767,-11188.9098
-31910.3325,-12358.004,-11298.5043
-31849.1167,-12483.5149,-11400.1695
-31800.8237,-12582.5303,-11493.2185
-31733.0771,-12721.4313,-11557.4822
-31663.428,-12864.2333,-11597.1558
-31592.7404,-13009.1644,-11614.9307
-31561.2214,-13073.7879,-11673.7046
-31509.8515,-13179.1118,-11689.1674
-31460.6225,-13280.0461,-11691.1783
-31418.6376,-13366.1279,-11695.8939
-31380.6841,-13443.9441,-11698.6088
-31345.8805,-13515.3021,-11697.1299
-31315.8697,-13576.8333,-11703.9052
-31287.2661,-13635.4794,-11708.8243
-31259.6553,-13692.0899,-11711.0426
-31233.2994,-13746.1275,-11711.4234
-31207.9731,-13798.0541,-11715.5745
-31182.5682,-13850.1419,-11717.2605
-31157.6184,-13901.2966,-11716.446
-31132.6033,-13952.5851,-11717.2527
-31107.4642,-14004.1279,-11717.9907
-31081.2564,-14057.8618,-11719.4613
-31054.0691,-14113.6041,-11722.0019
-31025.6043,-14171.9657,-11722.6658
-30996.0139,-14232.635,-11719.9033
-30962.4362,-14301.4793,-11724.1298
-30926.982,-14374.1714,-11724.1894
-30889.1899,-14451.6566,-11718.2642
-30705.6278,-14828.0146,-12006.6471
-30601.3562,-15041.8031,-12065.1581
-30481.3359,-15287.8811,-12109.5888
-30352.138,-15552.7761,-12120.9707
-29888.5755,-16503.2201,-12451.0651
-29603.1546,-17088.4197,-12430.1104
-29281.9506,-17746.9855,-12306.2148
-29173.7272,-17968.8764,-12009.5659
-28819.4943,-18695.1615,-11775.0863
-28386.8694,-19582.1738,-11223.8369
-28125.6258,-20117.8026,-10701.5491
-28033.7163,-20306.245,-10143.0367
-28055.1759,-20262.2462999999,-9592.9252
-28124.2432,-20120.6373,-9062.7778
-28123.0181,-20123.1493,-8476.305
-28204.7423,-19955.5898,-7939.035
-28281.8724,-19797.4496,-7389.0104
-28451.8813,-19448.8799,-6957.0364
-28609.2897,-19126.1448,-6518.7448
-28763.2786,-18810.4206,-6079.1916
-28920.1748,-18488.7357,-5636.4696
-29107.1336,-18105.4134,-5263.4061
-29246.7738,-17819.1086,-4724.1257
-29298.9524,-17712.1266,-3785.6359
-29481.9652,-17336.8947,-3180.6138
-29731.7956,-16824.6665,-2800.4105
-29934.9359,-16408.1672,-2014.868
-30208.0741,-15848.151,-1492.1876
-30477.2186,-15296.3228,-549.3722
-33095.1256,-15546.2954,-12062.4829
-32818.7031,-15795.1873,-12090.1913
-32225.6928,-16329.1362,-12141.7543
-31864.8701,-16654.0224,-12166.7166
-29264.551,-18995.3602,-12304.7785
-29040.3449,-19197.2364,-10247.1055
-29107.5059,-19136.7643,-9835.6957
-29221.1138,-19034.4713,-9437.0128
-29370.4318,-18900.0248,-9066.472
-29422.1889,-18853.4225,-8652.4884
-29565.0516,-18724.7883,-8284.9517
-29749.6212999999,-18558.601,-7951.7143
-29943.9683,-18383.6102,-7635.3288
-30066.5115,-18273.2718,-7250.9353
-30164.0095,-18185.4842,-6823.2133
-30325.8318,-18039.7787,-6440.9234
-30452.5849,-17925.6498,-5978.1867
-30610.3201,-17783.6243,-5514.0098
-30815.2723,-17599.0846,-5087.8552
-30909.6094,-17514.1431,-4328.7927
-30996.6926,-17435.733,-3253.4115
-31339.5519,-17127.0211,-2839.6802
-31922.948,-16601.7289,-3377.3795
-32275.5023,-16284.2876,-3031.4323
-32650.8326,-15946.3387,-2745.1427
-33055.2909,-15582.1627,-2770.933
-33459.961,-15217.7961,-2050.8786
-33912.8645,-14810,-1955.7994
-34074.7753,-14664.2149,-5838.5304
-34388.3476,-14381.8731,-5499.8758
-34639.6051,-14155.6398,-5704.6407
-34977.2509,-13851.6222,-5518.3956
-35252.1001,-13604.1468,-5648.6861
-35468.8477,-13408.9865,-5943.4675
-34684.332,-14115.3675,-8560.101
-34794.8161,-14015.8872,-8681.6528
-34937.543,-13887.3753,-8745.8278
-35064.3694,-13773.1803,-8847.5364
-35170.7619,-13677.3841,-8982.8318
-35258.649,-13598.2502,-9140.7074
-35321.2286,-13541.9033,-9321.4226
-35298.8037,-13562.0947,-9569.5622
-35281.6159,-13577.5707,-9787.548
-35328.2151,-13535.6126,-9948.6164
-35402.9992,-13468.2767,-10094.8129
-35349.6147,-13516.3443,-10299.6585
-35285.4051,-13574.1589,-10488.1026
-35221.4643,-13631.7314,-10660.9946
-35165.8929,-13681.7682,-10816.2536
-35106.8643,-13734.9178,-10962.3089
-35055.3415,-13781.3091,-11095.5453
-34980.0087,-13849.1391,-11218.0895
-34916.5458,-13906.2813,-11329.9078
-34832.6299,-13981.8395,-11427.597
-34739.2752,-14065.8964,-11508.6238
-34679.2654,-14119.9295,-11593.574
-34616.107,-14176.7976,-11671.5301
-34552.0608,-14234.4651,-11740.5115
-34484.2588,-14295.5143,-11801.4648
-34393.8425,-14376.9255,-11830.8599
-34315.385,-14447.5689,-11859.4763
-34247.5216,-14508.6734,-11892.7161
-34178.5269,-14570.7965,-11916.1056
-34106.6604999999,-14635.5053,-11924.2289
-34041.4777,-14694.1961,-11931.8482
-33978.2889,-14751.0916,-11936.0315
-33920.369,-14803.2429,-11944.1939
-33864.1803,-14853.8354,-11945.2528
-33810.4603,-14902.2052,-11950.3323
-33758.2827,-14949.1861,-11950.2841
-33707.5342,-14994.8802,-11951.7385
-33657.0193,-15040.3641,-11954.5039
-33607.5032,-15084.9486,-11956.5537
-33557.6837,-15129.8062,-11956.0508
-33507.9384,-15174.5971,-11957.7737
-33456.4067999999,-15220.9964,-11958.7182
-33403.232,-15268.8752,-11961.057
-33348.7332,-15317.9461,-11961.1181
-33290.4089,-15370.4615,-11965.4291
-33228.8698,-15425.8716,-11966.1554
-33095.1256,-15546.2954,-12062.4829
-29245.7699,-22662.666,-13672.4637
-29576.9935,-22331.4424,-12195.3352
-29522.2347,-22386.2012,-11600.6718
-29527.5473,-22380.8886,-11000.7967
-29786.2401,-22122.1958,-10427.8514
-30133.5345,-21774.9014,-9923.2957
-30523.5661,-21384.8698,-9494.1694
-30652.3308,-21256.1051,-9022.8013
-30584.6812,-21323.7547,-8445.9924
-30559.8232,-21348.6127,-7850.3481
-30631.2233,-21277.2126,-7280.795
-30779.3438,-21129.0921,-6751.3154
-31026.4311,-20882.0048,-6307.2478
-31307.85,-20600.5859,-5907.5349
-31619.4796,-20288.9563,-5558.1891
-31939.6077,-19968.8282,-5234.0968
-32393.197,-19515.2389,-5126.0687
-32776.8436,-19131.5923,-5009.6233
-33334.2196,-18574.2163,-5383.8076
-33787.8628,-18120.5731,-5779.205
-34203.2506,-17705.1853,-6210.8088
-34450.1319,-17458.304,-6047.6048
-34698.8792,-17209.5567,-5799.5358
-34974.4736,-16933.9623,-5716.0885
-35264.5074,-16643.9286,-5359.6286
-35589.8925,-16318.5434,-5048.1182
-35997.358,-15911.0779,-4378.5541
-36395.3271,-15513.1089,-4234.6691
-36840.5542,-15067.8817,-4025.9027
-37234.809,-14673.6269,-4138.4273
-37787.3907,-14121.0452,-3963.8031
-38057.3232,-13851.1127,-4484.5986
-38071.4279,-13837.008,-5549.2716
-38207.1757,-13701.2602,-6122.5921
-38159.0936,-13749.3423,-6875.3312
-38178.8759,-13729.56,-7431.0872
-38072.7771,-13835.6588,-8050.9074
-37540.8753,-14367.5606,-9009.452
-37377.8359,-14530.6,-9449.6892
-37293.5887,-14614.8472,-9784.0734
-37259.3972,-14649.0387,-10057.1241
-37191.9154,-14716.5205,-10324.9525
-37190.4024,-14718.0335,-10552.6116
-37215.078,-14693.3579,-10773.0637
-37200.9819,-14707.454,-10995.3604
-37149.0024,-14759.4335,-11210.451
-36940.8666,-14967.5693,-11384.9836
-36789.3745,-15119.0614,-11537.1512
-36716.969,-15191.4669,-11695.4715
-36630.0179,-15278.418,-11837.044
-36472.5111,-15435.9248,-11921.7521
-36321.7163,-15586.7196,-11982.6657
-36198.6733,-15709.7626,-12042.9656
-36079.3312,-15829.1047,-12086.9257
-35963.5386,-15944.8973,-12113.4454
-35851.1644,-16057.2715,-12122.5765
-35766.0221,-16142.4138,-12155.3396
-35699.0518,-16209.3841,-12214.6486
-35605.1986,-16303.2373,-12206.6357
-35530.283,-16378.1529,-12228.4528
-35457.6424,-16450.7935,-12252.7005
-35388.0408,-16520.3951,-12281.8103
-35319.0891,-16589.3468,-12315.0568
-35218.0063,-16690.4296,-12327.2782
-35145.7165,-16762.7195,-12328.4463
-35073.066,-16835.37,-12331.8701
-34983.1996999999,-16925.2362,-12334.0323
-34907.531,-17000.9049,-12334.965
-34829.3488,-17079.0871,-12335.0052
-34746.9552,-17161.4807,-12339.7075
-34659.5678,-17248.8681,-12340.285
-34577.1502,-17331.2857,-12314.9248
-34568.5598,-17339.8761,-12121.8621
-34565.2507,-17343.1852,-11957.2766
-34561.3583,-17347.0776,-11821.2429
-34557.4526,-17350.9833,-11705.8816
-34555.5962,-17352.8397,-11602.5207
-34552.0227,-17356.4132,-11510.7451
-34549.4518,-17358.9841,-11427.2027
-34469.9623,-17438.4736,-11400.8535
-29245.7699,-22662.666,-13672.4637
-38953.7107,-22252.4428,-3265.7702
-39686.4033,-21637.6407,-7552.0176
-39874.8292,-21479.5326,-7143.0626
-40121.2645,-21272.7488,-6501.2779
-40488.6868,-20964.4449,-5447.7673
-40885.6775,-20631.3302,-4940.7859
-41242.532,-20331.8936,-4933.4763
-41630.5362,-20006.3194,-4875.7236
-42011.758,-19686.4364,-4919.0092
-42304.1482,-19441.0919,-5218.3318
-42407.3932,-19354.459,-5890.9894
-42350.3213,-19402.348,-6707.0528
-42357.2388,-19396.5436,-7278.339
-42468.6359,-19303.0703,-7638.2137
-42491.4238,-19283.949,-8061.5775
-42395.546,-19364.4,-8556.1232
-42306.7325,-19438.9234,-8977.8033
-42115.6982,-19599.2202,-9419.8138
-42075.3486,-19633.0775,-9704.3908
-42021.5087,-19678.2546,-9972.9943
-41996.3152,-19699.3944,-10205.2404
-41985.0826,-19708.8197,-10420.1673
-41973.0845,-19718.8873,-10627.2616
-41946.7663,-19740.9709,-10830.1146
-41942.3495,-19744.677,-11028.3578
-41910.0287,-19771.7974,-11220.6852
-41846.2689,-19825.2982,-11402.8407
-41812.6494,-19853.5083,-11586.6409
-41797.6101,-19866.1278,-11778.7425
-41600.1172,-20031.844,-11885.0521
-41478.7016,-20133.7239,-12004.662
-41377.2102,-20218.8852,-12123.9491
-41193.5696,-20372.9779,-12163.8615
-41026.7576,-20512.9499,-12188.254
-40866.0504,-20647.7992,-12189.0161
-40761.19,-20735.7876,-12234.5533
-40657.667,-20822.6537,-12265.4115
-40551.9331,-20911.3749,-12279.3956
-40453.1637,-20994.2523,-12289.8226
-40359.4989,-21072.8464,-12291.3252
-40270.9011,-21147.1887,-12292.8979
-40189.4141999999,-21215.5644,-12297.6205
-40109.4146,-21282.692,-12299.0329
-40003.0411,-21371.95,-12306.5549
-39929.0947,-21433.9984,-12309.033
-39855.3908,-21495.8433,-12311.5571
-39781.2013,-21558.0957,-12319.1237
-39687.0962,-21637.0593,-12322.874
-39609.8762,-21701.8546,-12328.8756
-39528.0759,-21770.4931,-12334.7663
-39443.8726,-21841.1481,-12338.7432
-39350.4037,-21919.5778,-12349.2027
-39185.1839,-22058.2137,-12491.2213
-39052.276,-22169.7367,-12525.0648
-38909.6757,-22289.3925,-12546.5851
-38555.2191,-22586.8169,-12579.5079
-38014.6516,-23040.4069,-12630.4546
-34219.5775,-26224.8522,-13528.6092
-34062.2175,-26356.8929,-13004.0418
-33670.9702,-26685.1883,-11743.6462
-33580.9888999999,-26760.6917,-11162.6895
-33631.6196,-26718.2074,-10577.4851
-33983.8895,-26422.6179,-10048.0484
-34378.4941,-26091.5054,-9584.0705
-34634.725,-25876.5021,-9133.5306
-35023.6984,-25550.1146,-8774.4541
-35429.4424,-25209.655,-8481.2866
-35379.386,-25251.6573,-7938.8935
-35406.8569,-25228.6065,-7406.7594
-35530.8358,-25124.5759,-6918.3243
-35590.648,-25074.3875,-6334.58
-35653.801,-25021.3957,-5689.4893
-35935.6044,-24784.9347,-5281.0402
-36243.5764,-24526.5154,-4900.4751
-36553.1673,-24266.7378,-4510.1016
-36887.0435,-23986.5824,-4146.8913
-37264.4274,-23669.9198,-3871.4282
-37591.6781,-23395.3238,-3414.8166
-37946.3849,-23097.6894,-2971.2723
-38327.0469,-22778.2761,-2459.7654
-38953.7107,-22252.4428,-3265.7702
-41532.0411,-24798.8762,-5285.9334
-41759.2834,-24608.1973,-5345.598
-41965.331,-24435.3028,-5359.1734
-42169.409,-24264.061,-5335.1813
-42372.712,-24093.4695,-5372.7159
-42568.8561,-23928.8851,-5487.7355
-42766.9114,-23762.697,-5524.4538
-42943.9751,-23614.1229,-5705.0272
-43089.5624,-23491.9606,-6140.9681
-43174.9707,-23420.2946,-6690.9659
-43521.6961,-23129.3574,-6132.862
-43719.2797,-22963.5651,-6149.1052
-43887.6844,-22822.2568,-6263.7829
-43995.7925,-22731.5433,-6523.5879
-44074.8032,-22665.2455,-6826.1619
-44142.1116,-22608.7669,-7107.9958
-44190.6967,-22567.9992,-7392.6528
-44299.7281,-22476.5111,-7551.6493
-44385.5255,-22404.5184,-7739.7888
-44444.5432,-22354.9967,-7954.6824
-44519.5462,-22292.0618,-8136.9219
-44597.5985,-22226.5681,-8309.8019
-44690.5236,-22148.5947,-8463.713
-44783.9305,-22070.217,-8617.6143
-44863.4855,-22003.4624,-8784.2057
-44916.4314,-21959.0355,-8970.0293
-44971.207,-21913.0734,-9156.4872
-45018.9119,-21873.0442,-9340.2838
-45048.4216,-21848.2826,-9531.2316
-45028.1875,-21865.261,-9740.6978
-45029.6076,-21864.0694,-9933.3029
-45037.5475,-21857.407,-10119.0057
-45047.9435,-21848.6837,-10301.2033
-45028.1068,-21865.3287,-10486.4282
-45007.5523,-21882.576,-10667.3345
-45006.5072,-21883.4529,-10843.3425
-45011.5293,-21879.2389,-11018.7145
-44972.8711,-21911.677,-11191.2511
-44906.6837,-21967.2148,-11356.4278
-44819.6763999999,-22040.2226,-11514.0981
-44712.6924,-22129.9929,-11654.3714
-44495.9476,-22311.8633,-11747.6626
-44255.4464,-22513.6678,-11809.5974
-44000.4006,-22727.6766,-11835.898
-43837.731,-22864.1726,-11880.636
-43686.6401,-22990.9529,-11913.1475
-43575.0376,-23084.5986,-11953.3862
-43502.2545,-23145.6708,-12013.5724
-43386.3748,-23242.9054,-12028.5478
-43240.5141,-23365.2971,-12017.3764
-43140.9077,-23448.8768,-12019.1947
-43057.8708,-23518.553,-12026.0798
-42988.8865,-23576.4377,-12042.7734
-42938.9122,-23618.3711,-12077.0622
-42887.3619,-23661.627,-12106.5798
-42839.9212,-23701.4344,-12139.5646
-42798.6824,-23736.038,-12182.756
-42756.6593,-23771.2995,-12225.11
-42716.729,-23804.805,-12274.2019
-42667.8757,-23845.7978,-12304.0378
-42606.9275,-23896.9394,-12298.8375
-42550.0811,-23944.6392,-12295.2436
-42497.7959,-23988.5116,-12301.2136
-42446.1254,-24031.8684,-12303.8363
-42394.915,-24074.839,-12309.719
-42320.273,-24137.4711,-12312.563
-42271.2385,-24178.6159,-12314.8516
-42222.4821,-24219.5274,-12316.8835
-42173.7784,-24260.3947,-12320.6291
-42125.016,-24301.3111,-12321.044
-42075.6938,-24342.6974,-12324.3011
-42007.3892,-24400.0117,-12328.9024
-41956.0605,-24443.0817,-12332.233
-41903.5848,-24487.114,-12334.9289
-41849.509,-24532.4889,-12338.3025
-41795.5996,-24577.7243,-12336.9088
-41737.9461,-24626.1013,-12340.8426
-41717.595,-24643.1779,-12211.3249
-41674.63,-24679.2299,-12175.7361
-41616.0176,-24728.4115,-12179.4944
-41535.6795,-24795.8232,-12218.2177
-41391.339,-24916.9392,-12341.6778
-41278.4101,-25011.6979,-12396.7224
-41163.9344,-25107.7544,-12434.1639
-41028.8233,-25221.126,-12482.0359
-40832.6003,-25385.7767,-12584.0281
-40653.0635,-25536.426,-12635.8074
-40469.7183,-25690.2708,-12666.1277
-40318.0738,-25817.5156,-12641.6272
-37142.763,-28481.9178,-13345.787
-31318.8583,-33368.7541,-12186.9389
-31221.9613,-33450.0603,-11260.9978
-31853.5155,-32920.1234,-10042.6664
-31844.0636,-32928.0546,-9397.0837
-34565.1804,-30644.7664,-9263.9298
-36034.8433,-29411.5729,-9095.1953
-36584.8473,-28950.0647,-8889.3801
-37282.6311,-28364.5546,-8775.5665
-37619.0217,-28082.2893,-8606.078
-37798.4036,-27931.77,-8379.5619
-38018.2452,-27747.301,-8187.3077
-38141.5844,-27643.8072,-7946.5088
-38252.0152,-27551.1447,-7697.1814
-38356.0146,-27463.8788,-7438.848
-38352.582,-27466.7591,-7073.6411
-38340.9076,-27476.5551,-6665.1132
-38467.0315,-27370.7246,-6387.4999
-38603.3131,-27256.3707,-6113.7645
-38779.5136,-27108.521,-5892.6692
-38986.5195,-26934.8224,-5716.4985
-39190.6159,-26763.5652,-5539.4914
-39397.7262,-26589.779,-5374.7098
-39618.9601,-26404.1417,-5239.3942
-39867.3524,-26195.7158,-5177.5358
-40157.7997,-25952.0016,-5261.5095
-40440.3361,-25714.9254,-5360.7798
-40655.7755,-25534.1503,-5296.4062
-40865.7444,-25357.9655,-5218.2883
-41117.1632,-25147.0001,-5363.3541
-41328.5997,-24969.5838,-5347.7299
-41532.0411,-24798.8762,-5285.9334
-45958.6482,-29398.6509,-8133.077
-45745.5798,-29577.4364,-8439.8927
-45582.0973,-29714.6146,-8762.042
-45370.8618,-29891.8622,-8867.8967
-45168.3582,-30061.7828,-9006.7742
-44974.4261,-30224.5112,-9176.5769
-44016.055,-31028.68,-8571.7789
-43712.4589,-31283.4274,-8871.1798
-42836.6499,-32018.3184,-8909.5654
-42199.1731,-32553.225,-9276.5189
-41434.9988,-33194.4434,-9826.9716
-41232.6639,-33364.2225,-10597.1262
-41637.2266999999,-33024.754,-11363.4072
-42525.8516999999,-32279.1091,-12145.0262
-43624.3025,-31357.3994,-12305.2408
-44582.8234,-30553.1049,-12177.0965
-45038.9393,-30170.3782,-12121.0988
-45353.8902,-29906.103,-12065.1366
-45528.3402,-29759.7221,-12101.8012
-45597.7729,-29701.4612,-12297.0476
-45747.0632,-29576.1917,-12338.7004
-45898.8487,-29448.8286,-12334.9395
-46038.1923,-29331.9054,-12334.3213
-46188.0134,-29206.1906,-12328.5421
-46316.0349,-29098.7678,-12327.1003
-46462.5663,-28975.8133,-12312.6039
-46595.9533,-28863.8883,-12303.1511
-46754.1214,-28731.1695,-12337.1047
-46924.1092,-28588.5328,-12339.6553
-47141.4345,-28406.1753,-12369.069
-47402.2016,-28187.3657,-12384.4245
-47710.8339,-27928.3925,-12364.1238
-48103.5404,-27598.8726,-12315.4675
-48208.9758,-27510.4018,-12007.0822
-48535.3836,-27236.5131,-11772.9995
-48942.5907,-26894.8258,-11462.2371
-49464.3961,-26456.979,-11032.7841
-49651.4647,-26300.0098,-10489.9293
-49588.983,-26352.4382,-9946.7686
-49375.0144,-26531.9792,-9466.6458
-49401.7427,-26509.5514,-8848.8384
-49083.6729,-26776.4438,-8448.3475
-48711.28,-27088.9185,-8146.7335
-48406.1401,-27344.9613,-7806.2467
-48057.4565,-27637.5415,-7554.2036
-47614.5755,-28009.1629,-7571.6044
-47250.9411,-28314.2883,-7500.6166
-46878.0047,-28627.2191,-7599.4587
-46512.541,-28933.8796,-7868.1331
-46219.2294,-29179.9972,-7886.2699
-45958.6482,-29398.6509,-8133.077
